id,first_name,last_name,email,gender,ip_address
1,Joseph,Snyder,jsnyder0@telegraph.co.uk,Male,182.120.222.65
2,Billy,Burton,bburton1@boston.com,Male,162.204.33.80
3,Sarah,Gonzalez,sgonzalez2@google.nl,Female,36.221.18.216
4,Laura,Garza,lgarza3@linkedin.com,Female,33.103.238.23
5,Patrick,Rose,prose4@google.ca,Male,1.133.122.76
6,Virginia,Brown,vbrown5@stanford.edu,Female,114.87.75.140
7,Cynthia,Sanders,csanders6@istockphoto.com,Female,163.118.240.14
8,Antonio,Bell,abell7@shop-pro.jp,Male,103.249.72.150
9,Gary,Brown,gbrown8@spotify.com,Male,222.89.230.67
10,Sandra,Stevens,sstevens9@hostgator.com,Female,12.212.239.208
11,Diana,Kelly,dkellya@theatlantic.com,Female,251.121.1.15
12,Eric,Lane,elaneb@last.fm,Male,157.74.33.201
13,Steven,Matthews,smatthewsc@eventbrite.com,Male,228.26.26.47
14,Clarence,Johnson,cjohnsond@army.mil,Male,134.85.207.44
15,Gary,Daniels,gdanielse@wikimedia.org,Male,112.49.120.249
16,Justin,Taylor,jtaylorf@chicagotribune.com,Male,142.251.231.94
17,Charles,Robertson,crobertsong@techcrunch.com,Male,96.53.254.255
18,Ernest,Campbell,ecampbellh@elpais.com,Male,198.216.178.3
19,Carlos,Jones,cjonesi@typepad.com,Male,13.39.221.5
20,Elizabeth,Sims,esimsj@imageshack.us,Female,43.252.247.200
21,Rebecca,Hicks,rhicksk@weebly.com,Female,217.211.81.63
22,Richard,Carpenter,rcarpenterl@chron.com,Male,130.133.77.240
23,Ruth,Perry,rperrym@instagram.com,Female,47.201.2.112
24,Joseph,Hughes,jhughesn@fema.gov,Male,107.32.16.130
25,Wanda,Brown,wbrowno@com.com,Female,17.141.7.243
26,Ashley,Ray,arayp@blog.com,Female,215.6.207.38
27,Gregory,Willis,gwillisq@myspace.com,Male,190.143.107.212
28,Phillip,Hanson,phansonr@ted.com,Male,149.150.74.26
29,Sandra,Turner,sturners@ning.com,Female,90.217.179.195
30,Theresa,Daniels,tdanielst@washington.edu,Female,160.183.229.253
31,Stephanie,Young,syoungu@chronoengine.com,Female,53.246.60.171
32,Jonathan,Perez,jperezv@homestead.com,Male,62.248.68.87
33,Lori,Kelly,lkellyw@icio.us,Female,46.135.189.97
34,Diane,Kennedy,dkennedyx@twitpic.com,Female,160.84.239.91
35,Rebecca,Howell,rhowelly@goo.ne.jp,Female,226.127.143.97
36,Sharon,Butler,sbutlerz@mashable.com,Female,76.171.88.203
37,Diane,Hunter,dhunter10@ehow.com,Female,121.203.199.82
38,Victor,Hayes,vhayes11@furl.net,Male,56.134.52.66
39,Sean,Robertson,srobertson12@google.com.au,Male,39.217.3.136
40,Amanda,Porter,aporter13@tinypic.com,Female,70.136.114.121
41,Joseph,Frazier,jfrazier14@ebay.co.uk,Male,15.194.117.112
42,Kelly,Hawkins,khawkins15@infoseek.co.jp,Female,72.91.217.70
43,Alice,Medina,amedina16@mail.ru,Female,218.217.79.222
44,Jane,Morris,jmorris17@bandcamp.com,Female,163.34.199.10
45,Helen,Lawson,hlawson18@google.com.br,Female,217.113.17.8
46,Lori,Ferguson,lferguson19@phpbb.com,Female,231.229.169.96
47,Gregory,Foster,gfoster1a@dell.com,Male,27.103.3.48
48,Anna,Dean,adean1b@photobucket.com,Female,234.243.88.103
49,Phyllis,Armstrong,parmstrong1c@artisteer.com,Female,13.165.211.197
50,Arthur,Ross,aross1d@acquirethisname.com,Male,32.103.52.10
51,Mark,Morris,mmorris1e@accuweather.com,Male,233.215.88.142
52,Arthur,Washington,awashington1f@1688.com,Male,20.129.12.248
53,Teresa,Freeman,tfreeman1g@nps.gov,Female,119.194.111.135
54,Brenda,Powell,bpowell1h@naver.com,Female,41.109.92.76
55,Helen,Freeman,hfreeman1i@cisco.com,Female,15.183.188.74
56,Evelyn,Mendoza,emendoza1j@craigslist.org,Female,118.18.228.177
57,Jerry,Chavez,jchavez1k@reference.com,Male,70.65.244.102
58,Shirley,Carter,scarter1l@google.de,Female,183.181.60.45
59,Tina,Kelley,tkelley1m@mayoclinic.com,Female,243.68.234.243
60,Linda,Hawkins,lhawkins1n@goo.ne.jp,Female,186.171.215.17
61,Teresa,Campbell,tcampbell1o@dell.com,Female,116.184.104.206
62,Craig,Burton,cburton1p@opensource.org,Male,10.211.41.59
63,Heather,Cooper,hcooper1q@soundcloud.com,Female,236.88.16.228
64,Virginia,Ford,vford1r@g.co,Female,244.9.98.130
65,Ann,Bowman,abowman1s@pinterest.com,Female,19.37.66.49
66,Eric,Rose,erose1t@unblog.fr,Male,134.100.220.49
67,Thomas,Cook,tcook1u@linkedin.com,Male,49.185.222.136
68,Diana,Ward,dward1v@businessinsider.com,Female,68.183.190.75
69,Billy,Ross,bross1w@disqus.com,Male,208.44.201.170
70,Kelly,Wilson,kwilson1x@reference.com,Female,237.142.181.132
71,Nancy,Lewis,nlewis1y@google.com.au,Female,64.95.199.206
72,Wayne,Richards,wrichards1z@comcast.net,Male,18.178.156.82
73,Cheryl,Perez,cperez20@nytimes.com,Female,199.60.139.167
74,Kimberly,Chapman,kchapman21@cisco.com,Female,120.202.221.222
75,Ernest,Cook,ecook22@tmall.com,Male,207.192.89.189
76,Adam,West,awest23@dropbox.com,Male,65.166.153.75
77,Steve,Ray,sray24@ed.gov,Male,219.199.180.76
78,Anthony,Watson,awatson25@taobao.com,Male,201.129.28.159
79,Mildred,Ryan,mryan26@flickr.com,Female,219.26.230.107
80,Lois,Crawford,lcrawford27@example.com,Female,149.244.57.116
81,Clarence,Lopez,clopez28@hugedomains.com,Male,62.218.244.88
82,Tammy,Garcia,tgarcia29@theatlantic.com,Female,163.28.166.235
83,Keith,Matthews,kmatthews2a@artisteer.com,Male,39.215.227.223
84,Margaret,Carpenter,mcarpenter2b@psu.edu,Female,144.198.169.184
85,Anna,Russell,arussell2c@blogspot.com,Female,15.0.244.216
86,Russell,Alexander,ralexander2d@cdc.gov,Male,214.11.186.126
87,Anthony,Cole,acole2e@nbcnews.com,Male,166.249.58.180
88,Patricia,Bradley,pbradley2f@webnode.com,Female,186.205.244.76
89,Judy,Kelley,jkelley2g@yale.edu,Female,245.201.58.114
90,Nicholas,Wilson,nwilson2h@oakley.com,Male,113.135.180.101
91,Kathleen,Lopez,klopez2i@sitemeter.com,Female,87.241.126.11
92,Kevin,Harvey,kharvey2j@dailymail.co.uk,Male,223.220.11.133
93,Kelly,Russell,krussell2k@marriott.com,Female,110.163.76.187
94,Angela,Wright,awright2l@last.fm,Female,59.65.148.6
95,Jason,Phillips,jphillips2m@alibaba.com,Male,105.180.150.124
96,Howard,Wallace,hwallace2n@cbc.ca,Male,255.83.194.68
97,Juan,Ramirez,jramirez2o@yale.edu,Male,143.39.238.243
98,Martha,Price,mprice2p@etsy.com,Female,48.116.198.167
99,Nancy,Diaz,ndiaz2q@mayoclinic.com,Female,132.218.88.232
100,Phillip,Lane,plane2r@dedecms.com,Male,100.3.138.68
101,Maria,Evans,mevans2s@google.ca,Female,119.163.180.81
102,Kathryn,Kim,kkim2t@dailymail.co.uk,Female,195.200.207.229
103,Heather,Hayes,hhayes2u@reference.com,Female,53.161.242.2
104,Samuel,Jordan,sjordan2v@time.com,Male,74.23.62.64
105,Jack,Gray,jgray2w@opera.com,Male,174.74.86.227
106,Benjamin,Carter,bcarter2x@clickbank.net,Male,64.215.177.112
107,Nicole,West,nwest2y@aboutads.info,Female,60.147.144.68
108,Amanda,Gibson,agibson2z@eventbrite.com,Female,173.235.26.9
109,John,Hall,jhall30@artisteer.com,Male,151.188.214.80
110,Edward,Washington,ewashington31@phoca.cz,Male,143.162.82.212
111,Wayne,Armstrong,warmstrong32@si.edu,Male,214.19.219.132
112,Elizabeth,Gardner,egardner33@dion.ne.jp,Female,30.97.15.26
113,Victor,Lawson,vlawson34@washington.edu,Male,15.79.149.28
114,Jesse,Richardson,jrichardson35@freewebs.com,Male,79.150.153.253
115,Howard,Sanchez,hsanchez36@youku.com,Male,123.164.175.32
116,Emily,Medina,emedina37@w3.org,Female,104.137.36.193
117,Amanda,Kim,akim38@si.edu,Female,174.166.234.38
118,Ruby,Bradley,rbradley39@who.int,Female,145.55.184.50
119,Diana,Thompson,dthompson3a@nasa.gov,Female,123.71.33.146
120,Jason,Reyes,jreyes3b@army.mil,Male,164.117.177.49
121,Julia,Howard,jhoward3c@joomla.org,Female,250.217.249.202
122,Tammy,Hart,thart3d@go.com,Female,238.159.50.107
123,Mary,Elliott,melliott3e@clickbank.net,Female,93.255.235.221
124,Ernest,Torres,etorres3f@twitter.com,Male,177.109.102.21
125,Jessica,Long,jlong3g@digg.com,Female,178.93.147.111
126,Andrea,Williamson,awilliamson3h@xrea.com,Female,143.145.41.98
127,Russell,Duncan,rduncan3i@mac.com,Male,147.118.87.6
128,Joseph,Oliver,joliver3j@go.com,Male,137.240.173.30
129,Carol,Spencer,cspencer3k@cisco.com,Female,143.156.194.220
130,Beverly,Jones,bjones3l@godaddy.com,Female,226.140.178.72
131,Mary,Gilbert,mgilbert3m@dyndns.org,Female,162.234.173.222
132,Cheryl,Chavez,cchavez3n@msu.edu,Female,147.86.9.88
133,Dennis,Hicks,dhicks3o@shinystat.com,Male,127.208.42.93
134,Ruby,Myers,rmyers3p@ocn.ne.jp,Female,89.235.0.181
135,Jack,Armstrong,jarmstrong3q@google.ru,Male,161.144.163.184
136,Rose,Hayes,rhayes3r@fc2.com,Female,62.24.247.58
137,Jacqueline,Griffin,jgriffin3s@is.gd,Female,115.227.213.196
138,Christina,Ellis,cellis3t@1688.com,Female,208.146.117.158
139,Rachel,Brooks,rbrooks3u@qq.com,Female,65.89.117.67
140,Jerry,Stone,jstone3v@bloomberg.com,Male,245.203.200.229
141,Robert,Murphy,rmurphy3w@google.es,Male,216.137.33.73
142,Mary,Hansen,mhansen3x@opensource.org,Female,254.110.75.61
143,Diane,Romero,dromero3y@wikia.com,Female,93.133.116.49
144,Andrea,Johnston,ajohnston3z@123-reg.co.uk,Female,86.224.214.90
145,Sharon,Morris,smorris40@lycos.com,Female,142.164.48.25
146,Ruth,Gilbert,rgilbert41@arizona.edu,Female,65.248.138.213
147,Peter,Mason,pmason42@multiply.com,Male,246.95.104.223
148,Victor,Fox,vfox43@ucsd.edu,Male,5.117.114.165
149,Amy,Tucker,atucker44@flavors.me,Female,56.22.22.171
150,Tammy,Chavez,tchavez45@umn.edu,Female,108.148.212.180
151,Larry,Johnston,ljohnston46@quantcast.com,Male,170.2.192.205
152,Lois,Davis,ldavis47@sina.com.cn,Female,18.201.158.130
153,Peter,Washington,pwashington48@techcrunch.com,Male,26.69.200.188
154,Kevin,Carroll,kcarroll49@mtv.com,Male,249.95.88.37
155,Ralph,Russell,rrussell4a@hostgator.com,Male,190.112.241.124
156,Keith,Perez,kperez4b@timesonline.co.uk,Male,178.55.44.236
157,Russell,Peters,rpeters4c@archive.org,Male,231.247.227.170
158,Matthew,Clark,mclark4d@jalbum.net,Male,30.253.193.81
159,Phyllis,Brooks,pbrooks4e@kickstarter.com,Female,253.197.253.9
160,Diana,Cook,dcook4f@live.com,Female,249.102.41.147
161,Janet,Clark,jclark4g@wikimedia.org,Female,249.241.169.173
162,Pamela,Owens,powens4h@yellowpages.com,Female,143.27.15.168
163,Lawrence,Stewart,lstewart4i@i2i.jp,Male,106.87.235.14
164,Sharon,Fowler,sfowler4j@pen.io,Female,146.20.161.75
165,Brenda,Ellis,bellis4k@gravatar.com,Female,88.30.191.77
166,Howard,Kelley,hkelley4l@webs.com,Male,88.78.151.76
167,Paula,Fields,pfields4m@ocn.ne.jp,Female,91.40.232.192
168,Roger,Baker,rbaker4n@howstuffworks.com,Male,14.119.195.254
169,Richard,Alvarez,ralvarez4o@photobucket.com,Male,157.209.108.52
170,Frances,Stanley,fstanley4p@prnewswire.com,Female,126.182.127.142
171,Irene,Vasquez,ivasquez4q@tuttocitta.it,Female,59.23.118.45
172,Howard,Johnson,hjohnson4r@discuz.net,Male,240.214.180.19
173,Lillian,Castillo,lcastillo4s@flickr.com,Female,248.3.58.108
174,Benjamin,Ramirez,bramirez4t@surveymonkey.com,Male,222.114.222.168
175,Larry,Arnold,larnold4u@biglobe.ne.jp,Male,78.130.134.53
176,Jeffrey,Williams,jwilliams4v@ebay.com,Male,177.150.161.41
177,Martin,Ramirez,mramirez4w@upenn.edu,Male,10.253.112.90
178,Alan,Romero,aromero4x@storify.com,Male,24.58.216.168
179,Steve,Gonzales,sgonzales4y@diigo.com,Male,127.11.12.59
180,Nicholas,Hall,nhall4z@latimes.com,Male,187.173.112.153
181,Gloria,Smith,gsmith50@issuu.com,Female,152.1.186.195
182,Anne,Peters,apeters51@weather.com,Female,24.124.164.80
183,Rebecca,Phillips,rphillips52@whitehouse.gov,Female,175.17.98.167
184,Mark,Carr,mcarr53@jimdo.com,Male,59.229.124.246
185,Deborah,Collins,dcollins54@thetimes.co.uk,Female,166.194.131.31
186,Edward,Burton,eburton55@wikimedia.org,Male,153.120.93.225
187,Frances,Reyes,freyes56@zimbio.com,Female,215.138.55.79
188,Julie,Richards,jrichards57@microsoft.com,Female,44.98.166.11
189,Jack,James,jjames58@hatena.ne.jp,Male,86.173.48.87
190,Jose,Oliver,joliver59@seesaa.net,Male,71.192.163.83
191,Theresa,Little,tlittle5a@nih.gov,Female,127.120.252.14
192,Joyce,Garrett,jgarrett5b@fastcompany.com,Female,165.242.51.225
193,Joseph,Gomez,jgomez5c@hugedomains.com,Male,203.73.247.254
194,Anna,Walker,awalker5d@constantcontact.com,Female,26.14.104.46
195,Kelly,Warren,kwarren5e@rediff.com,Female,173.249.175.20
196,Edward,Simmons,esimmons5f@goodreads.com,Male,37.9.12.206
197,Rachel,Gray,rgray5g@youku.com,Female,27.208.220.248
198,Patricia,Washington,pwashington5h@shop-pro.jp,Female,3.91.10.218
199,Deborah,Riley,driley5i@gov.uk,Female,77.232.37.199
200,Shawn,Murphy,smurphy5j@people.com.cn,Male,142.115.192.171
201,Willie,Rogers,wrogers5k@nih.gov,Male,140.123.147.94
202,Paul,Montgomery,pmontgomery5l@icq.com,Male,223.240.52.143
203,Anthony,Coleman,acoleman5m@github.com,Male,3.215.242.129
204,Jeffrey,Morgan,jmorgan5n@domainmarket.com,Male,237.244.28.32
205,Cheryl,Barnes,cbarnes5o@bloglovin.com,Female,119.183.222.31
206,Phyllis,Andrews,pandrews5p@twitter.com,Female,43.233.196.73
207,Lois,Ramirez,lramirez5q@creativecommons.org,Female,37.108.14.29
208,Paula,Sanders,psanders5r@dion.ne.jp,Female,138.5.227.190
209,Kathleen,Morgan,kmorgan5s@craigslist.org,Female,246.86.49.77
210,Amy,Clark,aclark5t@booking.com,Female,92.255.154.96
211,Norma,Washington,nwashington5u@free.fr,Female,38.10.189.167
212,Marie,Harvey,mharvey5v@biglobe.ne.jp,Female,113.86.98.99
213,Joe,Gordon,jgordon5w@shutterfly.com,Male,76.15.33.98
214,Thomas,Coleman,tcoleman5x@taobao.com,Male,63.192.117.222
215,Diana,James,djames5y@discuz.net,Female,134.114.28.68
216,Terry,Ramirez,tramirez5z@friendfeed.com,Male,189.59.55.38
217,Jeffrey,Carr,jcarr60@comsenz.com,Male,254.252.114.159
218,Larry,Larson,llarson61@ftc.gov,Male,161.78.35.110
219,Randy,Holmes,rholmes62@free.fr,Male,147.112.9.186
220,John,Hayes,jhayes63@nih.gov,Male,14.219.46.30
221,Denise,Hanson,dhanson64@dell.com,Female,56.238.74.238
222,Russell,Alexander,ralexander65@chron.com,Male,43.17.101.78
223,Carl,Turner,cturner66@bloglines.com,Male,204.248.106.38
224,Timothy,Mcdonald,tmcdonald67@chronoengine.com,Male,181.179.92.174
225,Cynthia,Fields,cfields68@de.vu,Female,36.22.70.47
226,Mark,Green,mgreen69@posterous.com,Male,171.26.127.214
227,Paul,Frazier,pfrazier6a@dailymail.co.uk,Male,38.249.201.221
228,Helen,Hayes,hhayes6b@businesswire.com,Female,127.195.230.92
229,Kathryn,Gibson,kgibson6c@smh.com.au,Female,38.155.243.137
230,Barbara,Hayes,bhayes6d@topsy.com,Female,167.172.121.84
231,Stephanie,Peterson,speterson6e@bbb.org,Female,75.159.144.76
232,Donald,Russell,drussell6f@nationalgeographic.com,Male,67.177.228.6
233,Kathleen,Smith,ksmith6g@abc.net.au,Female,8.179.3.16
234,Nancy,Graham,ngraham6h@dmoz.org,Female,148.75.56.94
235,Charles,Hughes,chughes6i@stanford.edu,Male,132.231.66.63
236,Christine,Greene,cgreene6j@flavors.me,Female,123.55.161.81
237,Clarence,Harris,charris6k@fastcompany.com,Male,99.105.115.55
238,Bobby,Carroll,bcarroll6l@vinaora.com,Male,36.106.94.214
239,Alan,Allen,aallen6m@goo.ne.jp,Male,99.51.216.104
240,Ronald,Willis,rwillis6n@liveinternet.ru,Male,50.137.32.195
241,Kimberly,Carroll,kcarroll6o@facebook.com,Female,237.65.156.4
242,Anna,Gibson,agibson6p@about.me,Female,248.211.225.94
243,Harold,Martinez,hmartinez6q@google.de,Male,74.88.87.255
244,Eric,Gutierrez,egutierrez6r@fastcompany.com,Male,147.67.201.60
245,Joan,Little,jlittle6s@zimbio.com,Female,216.165.127.52
246,Andrew,Nelson,anelson6t@narod.ru,Male,132.78.196.217
247,Steven,Chavez,schavez6u@europa.eu,Male,250.209.159.172
248,Kelly,West,kwest6v@nifty.com,Female,57.246.221.70
249,Mark,Chapman,mchapman6w@over-blog.com,Male,54.78.205.171
250,Steve,Taylor,staylor6x@tuttocitta.it,Male,178.48.87.254
251,Donna,Mason,dmason6y@ucsd.edu,Female,35.191.89.49
252,Jean,Adams,jadams6z@de.vu,Female,120.109.215.34
253,Shirley,Crawford,scrawford70@last.fm,Female,148.133.82.228
254,Ryan,Stanley,rstanley71@acquirethisname.com,Male,223.119.120.106
255,Bobby,Hill,bhill72@jugem.jp,Male,196.120.40.237
256,Nancy,Meyer,nmeyer73@webeden.co.uk,Female,49.170.82.82
257,Barbara,Crawford,bcrawford74@networkadvertising.org,Female,52.90.84.251
258,Jacqueline,Fernandez,jfernandez75@amazon.co.uk,Female,171.225.12.29
259,Ronald,Harris,rharris76@omniture.com,Male,193.54.179.60
260,Victor,Fields,vfields77@vk.com,Male,73.247.65.199
261,Steve,Oliver,soliver78@smh.com.au,Male,239.191.128.67
262,Martha,Long,mlong79@yandex.ru,Female,241.198.84.130
263,Sandra,Mills,smills7a@sciencedirect.com,Female,211.169.150.9
264,Rebecca,Gilbert,rgilbert7b@qq.com,Female,26.43.211.183
265,Patrick,Rivera,privera7c@telegraph.co.uk,Male,200.95.168.1
266,James,Robertson,jrobertson7d@surveymonkey.com,Male,173.129.205.49
267,Daniel,Stanley,dstanley7e@reference.com,Male,58.134.103.183
268,Billy,Banks,bbanks7f@baidu.com,Male,224.82.46.179
269,Joyce,Fernandez,jfernandez7g@1688.com,Female,250.229.64.82
270,Gerald,Walker,gwalker7h@thetimes.co.uk,Male,84.89.242.87
271,Amy,Cook,acook7i@technorati.com,Female,78.75.173.235
272,Dorothy,Freeman,dfreeman7j@bigcartel.com,Female,219.254.195.223
273,Carlos,Wheeler,cwheeler7k@narod.ru,Male,30.18.43.209
274,Michael,Woods,mwoods7l@census.gov,Male,140.4.224.127
275,Adam,Mccoy,amccoy7m@baidu.com,Male,115.101.71.204
276,Ann,Robertson,arobertson7n@nymag.com,Female,90.26.183.27
277,Gregory,Flores,gflores7o@jalbum.net,Male,115.185.255.236
278,Pamela,Mendoza,pmendoza7p@vinaora.com,Female,212.74.119.136
279,Phillip,Howell,phowell7q@hp.com,Male,78.119.185.211
280,Carlos,Carter,ccarter7r@pcworld.com,Male,66.211.140.194
281,Jose,Kelley,jkelley7s@furl.net,Male,200.110.141.240
282,Kathy,Ruiz,kruiz7t@theguardian.com,Female,9.228.65.138
283,Theresa,Scott,tscott7u@com.com,Female,209.201.83.60
284,Jessica,Mitchell,jmitchell7v@census.gov,Female,237.210.152.217
285,Harold,Henry,hhenry7w@statcounter.com,Male,233.232.129.223
286,Judith,Bishop,jbishop7x@state.tx.us,Female,42.61.112.28
287,Beverly,Williamson,bwilliamson7y@constantcontact.com,Female,0.118.62.230
288,Mary,Wood,mwood7z@github.com,Female,21.175.194.109
289,Norma,Evans,nevans80@sciencedaily.com,Female,9.230.219.234
290,Louis,Berry,lberry81@ucla.edu,Male,32.182.196.122
291,Doris,Stone,dstone82@mozilla.com,Female,75.127.142.17
292,Amy,Watkins,awatkins83@ebay.com,Female,174.184.104.205
293,Frances,Meyer,fmeyer84@goo.gl,Female,109.144.195.65
294,Roy,Owens,rowens85@alibaba.com,Male,116.101.206.110
295,Nicholas,Pierce,npierce86@chicagotribune.com,Male,145.135.110.179
296,Clarence,Lynch,clynch87@feedburner.com,Male,78.180.67.222
297,Karen,Armstrong,karmstrong88@google.ru,Female,175.221.183.121
298,Albert,Dixon,adixon89@yandex.ru,Male,196.206.108.89
299,Bonnie,Bradley,bbradley8a@sbwire.com,Female,1.243.28.30
300,Ernest,Cox,ecox8b@economist.com,Male,193.246.27.0
301,Robert,Gonzalez,rgonzalez8c@unicef.org,Male,242.70.43.159
302,Brandon,Burke,bburke8d@de.vu,Male,210.63.128.39
303,Lawrence,Lee,llee8e@jalbum.net,Male,59.145.19.55
304,Paul,Banks,pbanks8f@hp.com,Male,151.117.234.252
305,Catherine,Weaver,cweaver8g@zdnet.com,Female,201.129.158.164
306,Matthew,Burke,mburke8h@facebook.com,Male,6.148.221.90
307,Kelly,Medina,kmedina8i@example.com,Female,252.190.158.93
308,Ashley,Ellis,aellis8j@shinystat.com,Female,22.241.5.145
309,Irene,Weaver,iweaver8k@umich.edu,Female,102.57.250.55
310,Melissa,Butler,mbutler8l@irs.gov,Female,44.208.106.44
311,James,Mcdonald,jmcdonald8m@who.int,Male,220.8.251.214
312,Steve,Young,syoung8n@sun.com,Male,50.164.143.130
313,Irene,Parker,iparker8o@networksolutions.com,Female,202.39.181.225
314,Shirley,Martinez,smartinez8p@omniture.com,Female,67.46.76.120
315,Lois,Mitchell,lmitchell8q@imdb.com,Female,246.137.179.213
316,Craig,Perkins,cperkins8r@economist.com,Male,163.167.25.219
317,George,Mccoy,gmccoy8s@paginegialle.it,Male,209.32.200.0
318,Nicole,Knight,nknight8t@weibo.com,Female,223.127.138.103
319,Lois,Nichols,lnichols8u@answers.com,Female,248.118.50.87
320,Linda,Webb,lwebb8v@bluehost.com,Female,145.191.138.115
321,Shirley,Gutierrez,sgutierrez8w@wisc.edu,Female,140.34.96.196
322,Matthew,Crawford,mcrawford8x@wordpress.org,Male,117.72.44.77
323,Billy,Arnold,barnold8y@boston.com,Male,150.143.48.126
324,Brandon,Reyes,breyes8z@csmonitor.com,Male,198.55.88.41
325,Rebecca,Burns,rburns90@utexas.edu,Female,185.95.154.150
326,Karen,Thomas,kthomas91@china.com.cn,Female,67.219.109.41
327,Teresa,Bryant,tbryant92@deviantart.com,Female,229.132.174.126
328,Ann,Hamilton,ahamilton93@prnewswire.com,Female,128.247.253.190
329,Ralph,Russell,rrussell94@addtoany.com,Male,200.20.11.166
330,Jane,Mason,jmason95@bbb.org,Female,168.203.157.201
331,Carl,Cole,ccole96@forbes.com,Male,148.92.155.31
332,Anthony,Tucker,atucker97@wordpress.com,Male,78.157.127.76
333,Linda,Mason,lmason98@unblog.fr,Female,36.203.226.39
334,Carlos,Murray,cmurray99@hhs.gov,Male,94.51.229.114
335,Bobby,Hayes,bhayes9a@netscape.com,Male,197.226.35.177
336,Benjamin,Williams,bwilliams9b@yellowbook.com,Male,82.177.193.69
337,Patrick,Holmes,pholmes9c@google.de,Male,90.44.159.201
338,Justin,Rivera,jrivera9d@scribd.com,Male,165.51.206.184
339,Tammy,Hughes,thughes9e@seesaa.net,Female,206.84.1.38
340,Eugene,Holmes,eholmes9f@dot.gov,Male,250.3.127.118
341,Dorothy,Perkins,dperkins9g@hostgator.com,Female,235.38.18.226
342,Gregory,Wells,gwells9h@cbsnews.com,Male,253.61.86.63
343,Melissa,Bowman,mbowman9i@chronoengine.com,Female,243.29.245.229
344,Pamela,Patterson,ppatterson9j@google.co.jp,Female,188.33.254.150
345,Johnny,Franklin,jfranklin9k@studiopress.com,Male,215.212.42.240
346,Jose,Alexander,jalexander9l@yandex.ru,Male,209.175.82.212
347,Phillip,Watson,pwatson9m@yandex.ru,Male,139.162.182.232
348,Andrea,Webb,awebb9n@simplemachines.org,Female,185.214.19.70
349,Sandra,Sims,ssims9o@amazonaws.com,Female,10.212.121.189
350,Steven,Weaver,sweaver9p@freewebs.com,Male,77.164.107.131
351,Kevin,Crawford,kcrawford9q@plala.or.jp,Male,237.200.253.86
352,Terry,Greene,tgreene9r@google.de,Male,228.148.195.15
353,Patrick,Parker,pparker9s@ustream.tv,Male,156.50.191.211
354,Sarah,Jenkins,sjenkins9t@ovh.net,Female,68.18.16.133
355,Julia,Brown,jbrown9u@dmoz.org,Female,32.0.2.57
356,Eugene,Hernandez,ehernandez9v@slate.com,Male,244.203.78.106
357,Lori,Ellis,lellis9w@nytimes.com,Female,42.49.1.47
358,Emily,Evans,eevans9x@list-manage.com,Female,131.234.64.165
359,Donna,Wells,dwells9y@istockphoto.com,Female,135.145.99.129
360,Kathleen,Carroll,kcarroll9z@walmart.com,Female,205.151.224.177
361,Robert,Simmons,rsimmonsa0@xing.com,Male,235.17.12.186
362,Roy,Gonzales,rgonzalesa1@aol.com,Male,253.249.172.63
363,Robin,Long,rlonga2@vimeo.com,Female,23.124.209.159
364,Thomas,Oliver,tolivera3@umich.edu,Male,228.61.22.154
365,Juan,Bell,jbella4@webeden.co.uk,Male,9.147.114.190
366,Clarence,Payne,cpaynea5@about.me,Male,40.152.26.166
367,Ruby,Wood,rwooda6@indiegogo.com,Female,148.11.248.246
368,Deborah,Scott,dscotta7@umn.edu,Female,92.19.105.200
369,Brenda,Miller,bmillera8@ask.com,Female,150.18.171.164
370,Kelly,Howard,khowarda9@google.nl,Female,228.132.175.64
371,Brenda,Rose,broseaa@uiuc.edu,Female,170.85.48.127
372,Gloria,Cox,gcoxab@squarespace.com,Female,133.14.49.39
373,Daniel,Bishop,dbishopac@noaa.gov,Male,123.229.74.193
374,Henry,Hughes,hhughesad@i2i.jp,Male,130.169.85.31
375,Christopher,Hansen,chansenae@wikia.com,Male,222.226.210.215
376,Kimberly,Powell,kpowellaf@ca.gov,Female,125.71.159.142
377,Michelle,Walker,mwalkerag@youtube.com,Female,246.242.20.4
378,Carl,Owens,cowensah@163.com,Male,30.20.139.137
379,Johnny,Fox,jfoxai@cnn.com,Male,97.142.194.85
380,Stephanie,Perry,sperryaj@1und1.de,Female,199.97.28.128
381,Joe,Payne,jpayneak@state.gov,Male,24.79.202.129
382,Marie,Wood,mwoodal@un.org,Female,63.180.86.236
383,Jason,Warren,jwarrenam@sogou.com,Male,83.217.51.251
384,Todd,Hunter,thunteran@ft.com,Male,231.246.141.32
385,Judy,Cox,jcoxao@prweb.com,Female,247.211.215.117
386,Deborah,Wagner,dwagnerap@accuweather.com,Female,212.81.54.28
387,Russell,Hunter,rhunteraq@chronoengine.com,Male,169.132.81.95
388,Beverly,Myers,bmyersar@stumbleupon.com,Female,206.137.162.26
389,Antonio,Perkins,aperkinsas@google.it,Male,12.78.31.183
390,Lillian,Wilson,lwilsonat@blogtalkradio.com,Female,89.134.212.70
391,Gregory,Thomas,gthomasau@e-recht24.de,Male,105.28.112.235
392,Richard,King,rkingav@oaic.gov.au,Male,135.2.162.65
393,Victor,Ryan,vryanaw@illinois.edu,Male,7.126.4.227
394,Doris,Martin,dmartinax@uiuc.edu,Female,41.228.50.218
395,Juan,Russell,jrussellay@tuttocitta.it,Male,135.92.230.112
396,Stephen,Ryan,sryanaz@oakley.com,Male,88.57.197.68
397,Louise,Gomez,lgomezb0@nationalgeographic.com,Female,166.35.146.87
398,Joyce,Daniels,jdanielsb1@nba.com,Female,242.216.244.206
399,Dennis,Burton,dburtonb2@miibeian.gov.cn,Male,62.163.20.21
400,Joyce,Kennedy,jkennedyb3@hud.gov,Female,140.20.144.14
401,Jonathan,Lane,jlaneb4@blogtalkradio.com,Male,244.216.103.77
402,Richard,Woods,rwoodsb5@si.edu,Male,64.176.166.193
403,Cynthia,Meyer,cmeyerb6@google.com.br,Female,237.31.243.1
404,Jerry,Matthews,jmatthewsb7@army.mil,Male,90.132.50.209
405,Jeffrey,Lopez,jlopezb8@webmd.com,Male,213.147.225.90
406,Michael,Weaver,mweaverb9@engadget.com,Male,169.135.10.209
407,Michael,Burke,mburkeba@independent.co.uk,Male,241.168.35.125
408,Terry,Baker,tbakerbb@discovery.com,Male,137.20.62.206
409,Mary,Brown,mbrownbc@ucsd.edu,Female,226.235.165.3
410,Linda,Banks,lbanksbd@unblog.fr,Female,143.51.8.150
411,Linda,Scott,lscottbe@csmonitor.com,Female,49.135.222.76
412,Debra,Peters,dpetersbf@wp.com,Female,68.35.42.98
413,Andrea,Shaw,ashawbg@yahoo.com,Female,140.65.164.84
414,Tina,Flores,tfloresbh@xrea.com,Female,241.1.39.30
415,Alice,Snyder,asnyderbi@hhs.gov,Female,113.217.29.49
416,Jonathan,Harvey,jharveybj@mac.com,Male,85.152.83.86
417,Susan,Harper,sharperbk@dedecms.com,Female,114.43.132.144
418,Kelly,Gutierrez,kgutierrezbl@salon.com,Female,147.81.113.159
419,Nancy,Larson,nlarsonbm@newyorker.com,Female,41.253.173.90
420,Gloria,Little,glittlebn@vistaprint.com,Female,163.41.72.176
421,Martin,Meyer,mmeyerbo@nyu.edu,Male,193.7.28.227
422,Kathleen,Armstrong,karmstrongbp@constantcontact.com,Female,137.112.126.96
423,Jose,Simmons,jsimmonsbq@rakuten.co.jp,Male,58.131.139.66
424,Mark,Jackson,mjacksonbr@mapy.cz,Male,246.77.84.135
425,Harry,Ramirez,hramirezbs@google.co.uk,Male,112.151.126.246
426,Edward,Nelson,enelsonbt@blogtalkradio.com,Male,172.77.230.31
427,Betty,Olson,bolsonbu@ifeng.com,Female,103.213.117.2
428,Diana,Porter,dporterbv@addtoany.com,Female,158.65.106.2
429,Sharon,Richards,srichardsbw@constantcontact.com,Female,205.182.11.240
430,Arthur,Franklin,afranklinbx@lulu.com,Male,110.73.119.16
431,Christopher,Grant,cgrantby@icio.us,Male,133.211.93.76
432,Annie,Ramirez,aramirezbz@yelp.com,Female,135.67.253.38
433,Willie,Richards,wrichardsc0@is.gd,Male,28.198.245.238
434,Elizabeth,Washington,ewashingtonc1@surveymonkey.com,Female,231.40.224.142
435,Norma,Chapman,nchapmanc2@4shared.com,Female,153.207.233.87
436,Michelle,Martin,mmartinc3@ovh.net,Female,158.83.198.214
437,Diane,Rivera,driverac4@vkontakte.ru,Female,38.50.209.127
438,Roger,Adams,radamsc5@theatlantic.com,Male,36.195.24.47
439,Scott,Perez,sperezc6@diigo.com,Male,146.223.179.227
440,Carolyn,Rice,cricec7@addthis.com,Female,89.86.15.102
441,Louise,Morris,lmorrisc8@github.com,Female,158.246.15.27
442,Betty,Williams,bwilliamsc9@army.mil,Female,209.124.242.111
443,Michael,Alexander,malexanderca@dropbox.com,Male,158.213.172.225
444,Frances,Rice,fricecb@loc.gov,Female,240.110.9.208
445,Anthony,Allen,aallencc@wiley.com,Male,132.187.181.34
446,Frank,Griffin,fgriffincd@networksolutions.com,Male,207.185.84.182
447,Brenda,Reed,breedce@marriott.com,Female,20.37.236.255
448,Ralph,Sims,rsimscf@ibm.com,Male,73.89.106.210
449,Kelly,Bryant,kbryantcg@wikispaces.com,Female,150.28.219.171
450,Clarence,Hall,challch@w3.org,Male,28.133.215.116
451,Ralph,Larson,rlarsonci@acquirethisname.com,Male,131.193.61.188
452,Ruby,Pierce,rpiercecj@seattletimes.com,Female,77.241.51.50
453,Christopher,Wallace,cwallaceck@abc.net.au,Male,228.66.135.76
454,Diana,Edwards,dedwardscl@miibeian.gov.cn,Female,34.197.41.216
455,Melissa,Foster,mfostercm@ebay.co.uk,Female,43.197.120.12
456,Philip,Hanson,phansoncn@ucoz.com,Male,212.66.36.63
457,Robin,Owens,rowensco@discovery.com,Female,82.94.140.96
458,Larry,Burton,lburtoncp@omniture.com,Male,154.122.53.242
459,Andrea,Tucker,atuckercq@bigcartel.com,Female,11.144.63.118
460,Kevin,Green,kgreencr@wiley.com,Male,58.231.240.77
461,Earl,Gonzalez,egonzalezcs@cbsnews.com,Male,102.58.98.138
462,Matthew,Wells,mwellsct@ow.ly,Male,161.110.2.178
463,Stephen,Nichols,snicholscu@geocities.com,Male,47.220.132.33
464,Albert,Peterson,apetersoncv@naver.com,Male,225.88.91.11
465,Irene,Ryan,iryancw@ucoz.com,Female,79.170.148.145
466,Tammy,Cox,tcoxcx@oakley.com,Female,181.93.32.71
467,Richard,Hunter,rhuntercy@pagesperso-orange.fr,Male,9.84.206.87
468,Annie,Pierce,apiercecz@independent.co.uk,Female,221.193.203.24
469,Stephen,Garcia,sgarciad0@tumblr.com,Male,36.163.209.91
470,Juan,Tucker,jtuckerd1@hhs.gov,Male,191.179.188.192
471,Terry,Allen,tallend2@homestead.com,Male,90.250.226.99
472,Stephanie,Pierce,spierced3@foxnews.com,Female,191.18.106.76
473,Albert,Rogers,arogersd4@ocn.ne.jp,Male,41.145.147.95
474,Cynthia,Boyd,cboydd5@nbcnews.com,Female,208.223.146.213
475,Adam,Young,ayoungd6@4shared.com,Male,53.147.101.194
476,Doris,Pierce,dpierced7@google.it,Female,46.217.2.253
477,John,Cox,jcoxd8@github.io,Male,81.44.57.68
478,Paula,Stewart,pstewartd9@un.org,Female,239.139.169.197
479,Martin,Oliver,moliverda@mozilla.com,Male,210.182.214.142
480,Evelyn,Williamson,ewilliamsondb@comcast.net,Female,138.206.140.130
481,Deborah,Willis,dwillisdc@pbs.org,Female,139.199.32.253
482,Jane,Hunt,jhuntdd@oracle.com,Female,132.22.196.193
483,Cheryl,Brooks,cbrooksde@noaa.gov,Female,46.69.175.222
484,Catherine,Hill,chilldf@freewebs.com,Female,130.169.254.179
485,Willie,Pierce,wpiercedg@netscape.com,Male,229.233.197.27
486,Lisa,King,lkingdh@nih.gov,Female,88.175.103.224
487,Heather,Walker,hwalkerdi@fc2.com,Female,74.4.137.129
488,Wayne,Cunningham,wcunninghamdj@salon.com,Male,80.174.182.210
489,Julia,Oliver,joliverdk@zdnet.com,Female,17.24.233.97
490,Rose,Chapman,rchapmandl@nbcnews.com,Female,141.185.36.187
491,Rose,Arnold,rarnolddm@digg.com,Female,24.152.194.201
492,Brenda,Gonzales,bgonzalesdn@smugmug.com,Female,87.240.18.156
493,Peter,Berry,pberrydo@naver.com,Male,177.187.68.18
494,Dennis,Hart,dhartdp@blogs.com,Male,99.21.158.138
495,Nancy,Burke,nburkedq@mayoclinic.com,Female,8.32.177.187
496,Theresa,Reyes,treyesdr@nasa.gov,Female,39.65.180.97
497,Nicholas,Mccoy,nmccoyds@wix.com,Male,119.143.246.63
498,Michelle,Willis,mwillisdt@ask.com,Female,229.198.51.124
499,Antonio,Arnold,aarnolddu@godaddy.com,Male,120.75.219.183
500,Arthur,Taylor,ataylordv@tmall.com,Male,77.32.208.105
501,Victor,Bell,vbelldw@army.mil,Male,237.91.126.134
502,Susan,Gardner,sgardnerdx@cnet.com,Female,23.221.178.35
503,Joan,Hunter,jhunterdy@latimes.com,Female,123.245.154.108
504,Gerald,Meyer,gmeyerdz@hibu.com,Male,205.196.52.6
505,Tina,Crawford,tcrawforde0@smugmug.com,Female,152.1.177.124
506,Gloria,Nichols,gnicholse1@goo.gl,Female,107.67.118.84
507,Julie,George,jgeorgee2@upenn.edu,Female,180.103.211.178
508,Melissa,Perry,mperrye3@nasa.gov,Female,188.128.43.149
509,Amanda,Ryan,aryane4@walmart.com,Female,5.60.38.98
510,Eric,Greene,egreenee5@parallels.com,Male,43.143.192.67
511,Roger,Perkins,rperkinse6@moonfruit.com,Male,140.184.225.51
512,Kelly,Collins,kcollinse7@ca.gov,Female,203.22.116.161
513,Richard,Graham,rgrahame8@fotki.com,Male,29.39.238.208
514,John,Butler,jbutlere9@earthlink.net,Male,250.52.44.224
515,Deborah,Dixon,ddixonea@dell.com,Female,177.240.29.226
516,Terry,Crawford,tcrawfordeb@google.com.hk,Male,51.189.154.1
517,Nicole,Frazier,nfrazierec@vinaora.com,Female,161.59.183.64
518,Anthony,Schmidt,aschmidted@senate.gov,Male,95.141.234.136
519,Alan,Jones,ajonesee@hostgator.com,Male,9.155.207.220
520,Jean,Walker,jwalkeref@1und1.de,Female,238.244.19.198
521,Aaron,Richardson,arichardsoneg@goodreads.com,Male,43.38.160.67
522,Shawn,Miller,smillereh@jiathis.com,Male,19.157.198.100
523,Judy,Ward,jwardei@npr.org,Female,52.2.218.34
524,Lois,Sullivan,lsullivanej@howstuffworks.com,Female,87.11.235.180
525,Maria,Castillo,mcastilloek@japanpost.jp,Female,38.16.125.37
526,Eugene,Foster,efosterel@earthlink.net,Male,108.21.205.77
527,Victor,Brown,vbrownem@typepad.com,Male,125.190.82.31
528,Paula,Wright,pwrighten@google.cn,Female,246.242.245.201
529,Betty,Clark,bclarkeo@unblog.fr,Female,149.223.114.206
530,Heather,Murphy,hmurphyep@blinklist.com,Female,72.64.18.83
531,Lillian,Mills,lmillseq@google.pl,Female,185.109.148.17
532,Amanda,Gray,agrayer@cbsnews.com,Female,210.80.127.116
533,Louise,Carr,lcarres@jiathis.com,Female,100.67.131.37
534,Jeffrey,Mendoza,jmendozaet@aboutads.info,Male,112.157.242.138
535,Alan,Anderson,aandersoneu@shutterfly.com,Male,175.32.3.176
536,Thomas,Jacobs,tjacobsev@miitbeian.gov.cn,Male,112.215.105.141
537,Charles,Carter,ccarterew@hao123.com,Male,227.42.29.178
538,Terry,Allen,tallenex@mac.com,Male,37.239.0.26
539,Dorothy,Fox,dfoxey@psu.edu,Female,229.129.40.108
540,Stephanie,Burton,sburtonez@csmonitor.com,Female,9.246.87.112
541,Billy,Brooks,bbrooksf0@examiner.com,Male,239.75.55.87
542,Jeremy,Myers,jmyersf1@constantcontact.com,Male,101.77.179.206
543,Norma,Armstrong,narmstrongf2@cdbaby.com,Female,94.25.37.45
544,Diane,Cook,dcookf3@virginia.edu,Female,225.244.131.132
545,Melissa,Fernandez,mfernandezf4@apple.com,Female,188.226.31.25
546,Harold,Burns,hburnsf5@theguardian.com,Male,15.194.181.235
547,Ryan,Hunt,rhuntf6@sitemeter.com,Male,157.5.89.252
548,Joshua,Nichols,jnicholsf7@qq.com,Male,57.27.180.2
549,Brenda,Cook,bcookf8@webnode.com,Female,99.115.130.37
550,Gerald,Johnston,gjohnstonf9@slashdot.org,Male,30.94.54.226
551,Roger,Riley,rrileyfa@state.tx.us,Male,36.144.158.41
552,Carlos,Owens,cowensfb@prlog.org,Male,161.71.245.76
553,Antonio,Grant,agrantfc@plala.or.jp,Male,103.189.226.86
554,Brenda,Fuller,bfullerfd@netlog.com,Female,129.70.201.133
555,Susan,Hunt,shuntfe@walmart.com,Female,31.65.123.194
556,Heather,Hernandez,hhernandezff@ask.com,Female,195.15.26.27
557,Kelly,Brooks,kbrooksfg@shinystat.com,Female,30.102.178.211
558,Stephen,Lewis,slewisfh@macromedia.com,Male,34.254.184.198
559,Marie,Fowler,mfowlerfi@storify.com,Female,171.136.170.169
560,Scott,Wright,swrightfj@cdbaby.com,Male,39.149.212.173
561,Brenda,Dean,bdeanfk@berkeley.edu,Female,109.9.205.151
562,Marie,Flores,mfloresfl@bizjournals.com,Female,167.56.73.215
563,Roy,Young,ryoungfm@ezinearticles.com,Male,37.72.247.255
564,Christine,Stephens,cstephensfn@craigslist.org,Female,188.216.60.85
565,Scott,Oliver,soliverfo@omniture.com,Male,242.145.142.97
566,Alice,Gilbert,agilbertfp@blinklist.com,Female,177.171.125.135
567,Steve,Lewis,slewisfq@a8.net,Male,13.24.130.82
568,Carol,Kennedy,ckennedyfr@ucoz.com,Female,162.68.146.252
569,Theresa,Parker,tparkerfs@nymag.com,Female,14.105.2.251
570,Anne,Wheeler,awheelerft@pcworld.com,Female,220.32.97.169
571,Rose,Harvey,rharveyfu@noaa.gov,Female,45.31.245.151
572,John,Ruiz,jruizfv@cbslocal.com,Male,16.46.239.189
573,Adam,Lee,aleefw@posterous.com,Male,237.67.116.125
574,Julia,Rogers,jrogersfx@imdb.com,Female,164.31.1.71
575,Jean,Riley,jrileyfy@slashdot.org,Female,1.117.20.124
576,Ralph,Edwards,redwardsfz@archive.org,Male,168.142.98.180
577,Scott,Taylor,staylorg0@prweb.com,Male,131.44.254.180
578,Stephen,Wright,swrightg1@soup.io,Male,131.128.86.64
579,Sharon,Harris,sharrisg2@google.it,Female,33.137.249.86
580,Andrew,Lane,alaneg3@umich.edu,Male,160.227.38.173
581,Andrew,Armstrong,aarmstrongg4@printfriendly.com,Male,121.0.142.19
582,Debra,Rodriguez,drodriguezg5@prnewswire.com,Female,248.248.252.90
583,Wanda,Adams,wadamsg6@ucoz.ru,Female,161.63.53.202
584,Laura,Carpenter,lcarpenterg7@techcrunch.com,Female,107.126.255.123
585,Mary,Taylor,mtaylorg8@alexa.com,Female,204.168.115.10
586,Sharon,Romero,sromerog9@ft.com,Female,104.75.113.18
587,Ashley,Hill,ahillga@discuz.net,Female,2.146.176.19
588,Craig,Henry,chenrygb@epa.gov,Male,207.181.63.145
589,Amanda,Harrison,aharrisongc@google.com.hk,Female,98.74.82.7
590,Stephen,Olson,solsongd@constantcontact.com,Male,133.196.225.183
591,Louise,Diaz,ldiazge@soundcloud.com,Female,28.99.210.167
592,Paula,Hunter,phuntergf@wikimedia.org,Female,199.89.95.39
593,Wayne,Garrett,wgarrettgg@hc360.com,Male,189.146.234.165
594,Lillian,Medina,lmedinagh@php.net,Female,93.72.191.6
595,Paul,Baker,pbakergi@a8.net,Male,24.136.238.13
596,Margaret,Freeman,mfreemangj@vistaprint.com,Female,47.166.24.172
597,Emily,Marshall,emarshallgk@cpanel.net,Female,61.136.235.27
598,Louis,Cox,lcoxgl@omniture.com,Male,155.84.90.252
599,Philip,Campbell,pcampbellgm@pbs.org,Male,106.8.88.68
600,Lori,Boyd,lboydgn@ehow.com,Female,242.250.178.21
601,Michael,Howell,mhowellgo@163.com,Male,246.248.233.105
602,Samuel,Chavez,schavezgp@blogtalkradio.com,Male,136.95.151.245
603,Doris,Tucker,dtuckergq@ebay.com,Female,207.96.226.229
604,Walter,Rice,wricegr@xrea.com,Male,229.129.30.89
605,Diana,Hall,dhallgs@php.net,Female,166.162.124.72
606,Eric,Sims,esimsgt@theguardian.com,Male,57.55.23.130
607,Sharon,Johnson,sjohnsongu@t.co,Female,10.189.30.139
608,Sharon,Carr,scarrgv@behance.net,Female,9.48.40.54
609,Craig,Bryant,cbryantgw@sciencedirect.com,Male,67.85.26.177
610,Randy,Larson,rlarsongx@mozilla.org,Male,65.253.152.106
611,Amy,Cole,acolegy@1688.com,Female,7.113.236.5
612,Benjamin,Wallace,bwallacegz@java.com,Male,173.158.213.150
613,Sharon,Olson,solsonh0@washington.edu,Female,233.27.231.155
614,Mark,Matthews,mmatthewsh1@census.gov,Male,1.53.147.190
615,Sharon,Long,slongh2@nydailynews.com,Female,205.59.127.146
616,Howard,Duncan,hduncanh3@google.de,Male,225.18.247.9
617,Joseph,Ortiz,jortizh4@ibm.com,Male,178.34.234.128
618,Debra,Hughes,dhughesh5@buzzfeed.com,Female,69.118.107.85
619,George,Powell,gpowellh6@cbc.ca,Male,6.47.100.75
620,Joshua,Jordan,jjordanh7@taobao.com,Male,164.171.42.250
621,Charles,Harper,charperh8@newyorker.com,Male,145.35.218.227
622,Jeremy,Hart,jharth9@fema.gov,Male,172.54.97.49
623,Anna,Hunt,ahuntha@dion.ne.jp,Female,146.1.224.196
624,Irene,Grant,igranthb@theglobeandmail.com,Female,252.27.255.142
625,Norma,Snyder,nsnyderhc@hao123.com,Female,242.157.241.217
626,Sarah,Ford,sfordhd@mit.edu,Female,175.185.7.76
627,Martin,Torres,mtorreshe@icq.com,Male,140.39.82.210
628,Jimmy,Garcia,jgarciahf@booking.com,Male,158.92.1.176
629,Ernest,Powell,epowellhg@buzzfeed.com,Male,176.88.241.160
630,Kathy,Wells,kwellshh@uol.com.br,Female,224.78.153.230
631,Ryan,Hicks,rhickshi@uol.com.br,Male,194.37.187.50
632,Irene,Smith,ismithhj@ehow.com,Female,167.53.61.141
633,Catherine,Armstrong,carmstronghk@apache.org,Female,232.7.122.174
634,Ronald,Powell,rpowellhl@fastcompany.com,Male,78.155.193.10
635,Sarah,Vasquez,svasquezhm@google.de,Female,131.118.10.139
636,Norma,Cooper,ncooperhn@gov.uk,Female,139.132.152.31
637,Rachel,Knight,rknightho@cdbaby.com,Female,226.5.144.21
638,Brenda,Foster,bfosterhp@toplist.cz,Female,87.161.214.168
639,Shawn,Fuller,sfullerhq@csmonitor.com,Male,80.240.1.172
640,Douglas,Bell,dbellhr@google.com.br,Male,198.239.211.115
641,Eugene,Snyder,esnyderhs@theglobeandmail.com,Male,43.154.97.51
642,John,Griffin,jgriffinht@altervista.org,Male,174.76.0.181
643,James,Allen,jallenhu@narod.ru,Male,191.169.94.204
644,Harry,Miller,hmillerhv@qq.com,Male,181.89.212.128
645,Michael,Stewart,mstewarthw@engadget.com,Male,179.229.247.86
646,Rachel,Walker,rwalkerhx@ezinearticles.com,Female,17.245.213.110
647,Jean,Jones,jjoneshy@ovh.net,Female,220.213.38.217
648,Janet,Pierce,jpiercehz@latimes.com,Female,136.15.93.180
649,Andrea,Knight,aknighti0@who.int,Female,63.140.28.37
650,Johnny,Sanchez,jsanchezi1@bloomberg.com,Male,30.160.208.175
651,Kenneth,Fisher,kfisheri2@chron.com,Male,56.187.84.92
652,Arthur,Green,agreeni3@businessweek.com,Male,131.27.25.230
653,Bobby,Franklin,bfranklini4@youtube.com,Male,218.155.183.235
654,Jennifer,Rivera,jriverai5@mac.com,Female,232.116.8.14
655,Deborah,Vasquez,dvasquezi6@shareasale.com,Female,89.47.58.32
656,Julia,Hicks,jhicksi7@google.it,Female,133.44.245.120
657,Gerald,Hart,gharti8@slate.com,Male,207.76.115.167
658,Jesse,Nguyen,jnguyeni9@theguardian.com,Male,137.12.160.70
659,Harold,Perkins,hperkinsia@patch.com,Male,127.137.216.207
660,Scott,Long,slongib@arstechnica.com,Male,171.176.110.194
661,Bobby,Cox,bcoxic@webs.com,Male,65.227.76.204
662,Lori,Rivera,lriveraid@jugem.jp,Female,65.17.244.204
663,Ashley,Hernandez,ahernandezie@marketwatch.com,Female,115.152.176.198
664,Ronald,Lynch,rlynchif@paypal.com,Male,80.221.72.242
665,Randy,Garcia,rgarciaig@csmonitor.com,Male,72.95.119.147
666,Jack,Hughes,jhughesih@flickr.com,Male,167.43.98.165
667,Joshua,Ray,jrayii@networkadvertising.org,Male,189.35.116.13
668,Maria,Pierce,mpierceij@si.edu,Female,52.5.54.49
669,Henry,Cooper,hcooperik@dyndns.org,Male,92.103.196.76
670,Wayne,Thompson,wthompsonil@soundcloud.com,Male,27.89.147.182
671,Phyllis,Carpenter,pcarpenterim@icq.com,Female,251.113.0.128
672,Louis,Cooper,lcooperin@youku.com,Male,202.199.6.66
673,Julie,Dunn,jdunnio@forbes.com,Female,190.235.243.71
674,Terry,Burns,tburnsip@macromedia.com,Male,85.166.139.38
675,Juan,Henderson,jhendersoniq@weibo.com,Male,111.4.16.218
676,Robin,Stewart,rstewartir@nba.com,Female,227.213.182.2
677,Rose,Spencer,rspenceris@blogspot.com,Female,112.9.59.247
678,Ralph,Kelley,rkelleyit@studiopress.com,Male,217.122.162.198
679,Juan,Smith,jsmithiu@jugem.jp,Male,23.220.109.144
680,Marie,Coleman,mcolemaniv@microsoft.com,Female,75.186.54.12
681,Judy,Lopez,jlopeziw@ft.com,Female,200.72.247.181
682,Victor,Weaver,vweaverix@hhs.gov,Male,18.135.34.133
683,Janice,Hamilton,jhamiltoniy@unc.edu,Female,10.78.88.126
684,Beverly,Cole,bcoleiz@cdc.gov,Female,209.206.142.160
685,William,Foster,wfosterj0@chicagotribune.com,Male,124.14.23.147
686,Bobby,Perkins,bperkinsj1@last.fm,Male,193.160.222.35
687,Lois,Foster,lfosterj2@reuters.com,Female,207.41.187.220
688,Cheryl,Greene,cgreenej3@auda.org.au,Female,62.132.44.11
689,Heather,Jones,hjonesj4@globo.com,Female,54.8.166.89
690,Ernest,Sims,esimsj5@issuu.com,Male,84.11.26.36
691,Lisa,King,lkingj6@csmonitor.com,Female,115.213.1.4
692,Raymond,Robertson,rrobertsonj7@booking.com,Male,104.48.202.36
693,Frances,Jacobs,fjacobsj8@princeton.edu,Female,12.121.47.222
694,Sara,Miller,smillerj9@xinhuanet.com,Female,226.136.220.74
695,Joseph,Collins,jcollinsja@cnn.com,Male,74.58.190.228
696,Virginia,Butler,vbutlerjb@businessinsider.com,Female,166.143.203.147
697,Martin,Austin,maustinjc@cbslocal.com,Male,83.40.79.45
698,Douglas,Bailey,dbaileyjd@deviantart.com,Male,239.86.110.149
699,Billy,Martin,bmartinje@google.es,Male,241.237.78.209
700,Philip,Roberts,probertsjf@jigsy.com,Male,169.238.68.15
701,Alan,Hicks,ahicksjg@360.cn,Male,100.238.193.23
702,Donald,Sims,dsimsjh@w3.org,Male,138.140.104.35
703,Susan,Stephens,sstephensji@networksolutions.com,Female,161.73.35.5
704,Walter,Ruiz,wruizjj@list-manage.com,Male,76.226.17.28
705,Dennis,Franklin,dfranklinjk@stanford.edu,Male,51.46.99.44
706,Donna,Griffin,dgriffinjl@wordpress.com,Female,39.192.254.49
707,Theresa,Stephens,tstephensjm@issuu.com,Female,75.18.134.227
708,Donald,Montgomery,dmontgomeryjn@t.co,Male,81.163.147.111
709,Anne,Lawrence,alawrencejo@amazon.co.uk,Female,35.142.192.200
710,Gloria,Rogers,grogersjp@devhub.com,Female,114.18.141.52
711,Samuel,Dean,sdeanjq@dion.ne.jp,Male,32.65.156.102
712,Dorothy,Carr,dcarrjr@google.cn,Female,47.227.164.206
713,Heather,Ellis,hellisjs@instagram.com,Female,51.175.255.193
714,Frank,Hart,fhartjt@1und1.de,Male,128.67.11.190
715,Louis,Long,llongju@tinypic.com,Male,156.248.224.115
716,Craig,Evans,cevansjv@imdb.com,Male,242.116.125.90
717,Billy,Washington,bwashingtonjw@un.org,Male,172.214.227.55
718,Alan,Taylor,ataylorjx@bbc.co.uk,Male,72.221.72.90
719,Eric,Rogers,erogersjy@posterous.com,Male,144.67.88.190
720,Benjamin,Riley,brileyjz@dailymotion.com,Male,233.113.166.113
721,Joe,Hill,jhillk0@scientificamerican.com,Male,12.134.54.161
722,Ralph,Garza,rgarzak1@artisteer.com,Male,159.141.79.171
723,Carlos,Rose,crosek2@nba.com,Male,112.42.134.20
724,Michael,Willis,mwillisk3@techcrunch.com,Male,112.160.25.190
725,Deborah,Harvey,dharveyk4@cyberchimps.com,Female,45.210.201.246
726,Anne,Day,adayk5@telegraph.co.uk,Female,235.223.122.52
727,Judy,Little,jlittlek6@ca.gov,Female,150.119.91.2
728,Deborah,Burton,dburtonk7@mayoclinic.com,Female,170.135.40.142
729,Brenda,Edwards,bedwardsk8@diigo.com,Female,46.232.155.140
730,Sara,Ruiz,sruizk9@exblog.jp,Female,39.41.128.53
731,Jesse,Rose,jroseka@webeden.co.uk,Male,175.153.166.88
732,Willie,Murphy,wmurphykb@jiathis.com,Male,67.20.5.47
733,Maria,Mills,mmillskc@huffingtonpost.com,Female,242.70.189.69
734,Irene,Scott,iscottkd@dailymotion.com,Female,107.213.128.234
735,Rose,Andrews,randrewske@studiopress.com,Female,221.239.185.228
736,Carl,Price,cpricekf@tumblr.com,Male,197.213.252.118
737,Julie,Cox,jcoxkg@storify.com,Female,23.173.185.205
738,Joan,Ferguson,jfergusonkh@squarespace.com,Female,204.79.246.115
739,John,Porter,jporterki@sciencedirect.com,Male,64.122.138.22
740,Louise,Holmes,lholmeskj@mail.ru,Female,138.7.150.188
741,Billy,Jacobs,bjacobskk@chicagotribune.com,Male,212.191.72.41
742,Ashley,Stewart,astewartkl@google.co.uk,Female,97.30.229.89
743,Margaret,Sullivan,msullivankm@yale.edu,Female,5.200.55.176
744,Katherine,Gutierrez,kgutierrezkn@berkeley.edu,Female,119.43.155.164
745,Norma,Pierce,npierceko@amazon.co.jp,Female,88.72.160.72
746,George,Williams,gwilliamskp@reuters.com,Male,143.107.91.45
747,Walter,Rice,wricekq@google.nl,Male,175.92.50.64
748,Sean,Jenkins,sjenkinskr@jugem.jp,Male,2.106.6.53
749,Scott,Austin,saustinks@dailymail.co.uk,Male,185.106.202.191
750,Jose,Shaw,jshawkt@loc.gov,Male,176.204.23.108
751,Peter,Lane,planeku@nytimes.com,Male,160.27.47.221
752,Eric,Perez,eperezkv@weibo.com,Male,3.134.228.239
753,Kenneth,Kelly,kkellykw@nbcnews.com,Male,211.150.128.27
754,William,Greene,wgreenekx@army.mil,Male,214.216.204.56
755,Michael,Young,myoungky@webs.com,Male,59.155.14.128
756,Roy,Rodriguez,rrodriguezkz@163.com,Male,251.221.109.231
757,Marilyn,Lewis,mlewisl0@google.com,Female,171.90.62.232
758,Jose,Adams,jadamsl1@livejournal.com,Male,88.110.79.175
759,Julie,Stewart,jstewartl2@marriott.com,Female,249.229.92.179
760,Lawrence,Montgomery,lmontgomeryl3@google.co.jp,Male,170.143.206.92
761,Alice,Martinez,amartinezl4@gravatar.com,Female,34.144.245.181
762,Alan,Matthews,amatthewsl5@ycombinator.com,Male,86.75.185.90
763,William,Austin,waustinl6@google.co.uk,Male,3.158.141.231
764,Sean,Patterson,spattersonl7@sitemeter.com,Male,32.118.141.156
765,Larry,Jackson,ljacksonl8@reddit.com,Male,56.112.89.246
766,Roy,Perry,rperryl9@privacy.gov.au,Male,180.57.87.239
767,Nicholas,Oliver,noliverla@mediafire.com,Male,243.206.10.30
768,Jeffrey,Armstrong,jarmstronglb@stumbleupon.com,Male,70.151.187.68
769,Ernest,Sanchez,esanchezlc@comcast.net,Male,165.66.44.126
770,Kathleen,Harvey,kharveyld@google.ru,Female,225.55.74.58
771,Matthew,Armstrong,marmstrongle@ebay.co.uk,Male,172.161.22.207
772,Deborah,Martinez,dmartinezlf@i2i.jp,Female,116.190.94.149
773,Mildred,Martinez,mmartinezlg@buzzfeed.com,Female,118.246.56.177
774,Christine,Fernandez,cfernandezlh@bravesites.com,Female,181.147.183.163
775,Louis,Butler,lbutlerli@stumbleupon.com,Male,144.52.138.21
776,Heather,Richardson,hrichardsonlj@oakley.com,Female,13.206.184.146
777,Jeffrey,Anderson,jandersonlk@accuweather.com,Male,168.48.189.226
778,Jeffrey,Wood,jwoodll@mac.com,Male,207.136.235.215
779,Denise,Berry,dberrylm@simplemachines.org,Female,118.76.176.244
780,Paul,Hall,phallln@twitpic.com,Male,52.105.117.69
781,Kathryn,Collins,kcollinslo@ocn.ne.jp,Female,108.100.230.196
782,Matthew,Gilbert,mgilbertlp@tumblr.com,Male,159.253.107.88
783,Roger,Richardson,rrichardsonlq@seesaa.net,Male,251.199.10.182
784,Timothy,Bradley,tbradleylr@seattletimes.com,Male,250.217.83.62
785,Catherine,Griffin,cgriffinls@prweb.com,Female,190.131.217.85
786,Louise,Gray,lgraylt@over-blog.com,Female,207.174.70.247
787,Lawrence,Stevens,lstevenslu@miibeian.gov.cn,Male,184.106.235.211
788,Chris,Mitchell,cmitchelllv@sciencedaily.com,Male,245.73.65.76
789,Diana,Robertson,drobertsonlw@wunderground.com,Female,164.199.64.187
790,Julia,Simmons,jsimmonslx@hatena.ne.jp,Female,70.120.46.144
791,James,Wood,jwoodly@wisc.edu,Male,12.13.126.154
792,Deborah,Myers,dmyerslz@dropbox.com,Female,63.160.192.193
793,Justin,Gardner,jgardnerm0@google.fr,Male,190.128.56.123
794,Joyce,Vasquez,jvasquezm1@bravesites.com,Female,17.236.65.195
795,Irene,Matthews,imatthewsm2@dedecms.com,Female,112.199.122.167
796,Jennifer,Rivera,jriveram3@reddit.com,Female,250.35.0.61
797,Chris,Turner,cturnerm4@businessinsider.com,Male,135.153.221.164
798,Doris,Greene,dgreenem5@uiuc.edu,Female,140.114.173.6
799,Tammy,Marshall,tmarshallm6@indiatimes.com,Female,113.78.24.238
800,Juan,Dean,jdeanm7@friendfeed.com,Male,130.63.41.247
801,Annie,Baker,abakerm8@nsw.gov.au,Female,220.135.174.255
802,Melissa,White,mwhitem9@tinypic.com,Female,166.195.255.216
803,Louise,Green,lgreenma@forbes.com,Female,145.203.224.151
804,Maria,Tucker,mtuckermb@cornell.edu,Female,147.219.124.59
805,Carlos,Perry,cperrymc@comsenz.com,Male,224.237.73.193
806,Julie,Fowler,jfowlermd@hc360.com,Female,223.190.73.205
807,Donald,Clark,dclarkme@army.mil,Male,187.84.101.12
808,Andrea,Frazier,afraziermf@nih.gov,Female,200.198.225.251
809,Christine,Fields,cfieldsmg@toplist.cz,Female,112.115.45.226
810,Gregory,Austin,gaustinmh@com.com,Male,205.67.107.76
811,Joyce,Harris,jharrismi@slideshare.net,Female,35.197.192.255
812,Thomas,Cruz,tcruzmj@naver.com,Male,206.234.128.255
813,Thomas,Gilbert,tgilbertmk@scribd.com,Male,178.32.11.42
814,Dennis,Ward,dwardml@oaic.gov.au,Male,119.238.254.36
815,Rebecca,Dixon,rdixonmm@behance.net,Female,187.222.185.70
816,Lois,Gardner,lgardnermn@nasa.gov,Female,158.166.18.198
817,Maria,Grant,mgrantmo@xrea.com,Female,26.103.233.201
818,Brian,Edwards,bedwardsmp@howstuffworks.com,Male,234.157.216.18
819,Patricia,Simmons,psimmonsmq@columbia.edu,Female,252.107.234.142
820,Stephanie,Mills,smillsmr@jimdo.com,Female,176.226.237.221
821,Andrea,Ward,awardms@csmonitor.com,Female,1.113.149.144
822,Henry,Baker,hbakermt@dailymail.co.uk,Male,90.11.30.174
823,Irene,Martin,imartinmu@artisteer.com,Female,203.188.122.229
824,Karen,Campbell,kcampbellmv@hp.com,Female,169.196.76.249
825,Lisa,Garcia,lgarciamw@unblog.fr,Female,29.114.198.67
826,Sara,Bradley,sbradleymx@sfgate.com,Female,151.145.91.160
827,Shawn,Bryant,sbryantmy@wired.com,Male,95.65.216.208
828,Nicholas,Little,nlittlemz@alexa.com,Male,159.122.164.240
829,Catherine,King,ckingn0@addtoany.com,Female,234.191.22.161
830,Larry,Young,lyoungn1@amazonaws.com,Male,169.76.168.85
831,John,Vasquez,jvasquezn2@prnewswire.com,Male,120.126.88.169
832,Judy,Lynch,jlynchn3@vistaprint.com,Female,92.23.212.76
833,Ruby,Meyer,rmeyern4@microsoft.com,Female,162.153.98.160
834,Janet,Richards,jrichardsn5@e-recht24.de,Female,64.212.63.131
835,Louis,Ward,lwardn6@illinois.edu,Male,4.46.117.232
836,Steve,Boyd,sboydn7@walmart.com,Male,241.31.80.233
837,Jonathan,Miller,jmillern8@yale.edu,Male,228.64.223.85
838,Fred,Olson,folsonn9@constantcontact.com,Male,78.155.59.6
839,Robin,Kim,rkimna@chron.com,Female,1.160.66.141
840,Kevin,Wallace,kwallacenb@usgs.gov,Male,14.145.43.243
841,Kimberly,Barnes,kbarnesnc@blinklist.com,Female,251.143.46.69
842,David,Lee,dleend@statcounter.com,Male,216.87.28.206
843,Harry,Johnson,hjohnsonne@ezinearticles.com,Male,183.45.174.214
844,Amy,Dean,adeannf@imageshack.us,Female,27.32.216.214
845,Cynthia,Graham,cgrahamng@shop-pro.jp,Female,235.23.129.40
846,Janet,Spencer,jspencernh@ft.com,Female,200.110.142.136
847,Patricia,Little,plittleni@sakura.ne.jp,Female,220.242.22.252
848,Carolyn,Matthews,cmatthewsnj@census.gov,Female,220.20.60.118
849,Rachel,Morgan,rmorgannk@gmpg.org,Female,242.59.93.138
850,Anna,Nichols,anicholsnl@dailymail.co.uk,Female,64.27.68.167
851,Jennifer,Montgomery,jmontgomerynm@technorati.com,Female,155.104.9.10
852,Gloria,Robinson,grobinsonnn@nature.com,Female,59.172.42.244
853,Laura,Larson,llarsonno@topsy.com,Female,142.146.169.243
854,William,Mills,wmillsnp@washington.edu,Male,175.133.199.107
855,Joshua,Walker,jwalkernq@squidoo.com,Male,161.181.176.116
856,Larry,Collins,lcollinsnr@livejournal.com,Male,243.166.77.191
857,Phillip,Kennedy,pkennedyns@gnu.org,Male,179.29.181.221
858,Jessica,Jordan,jjordannt@chron.com,Female,70.159.251.66
859,Jennifer,Wilson,jwilsonnu@bbc.co.uk,Female,166.79.247.211
860,Louise,Sanchez,lsancheznv@alexa.com,Female,250.234.58.142
861,Louis,Franklin,lfranklinnw@stumbleupon.com,Male,137.61.44.216
862,Bonnie,Russell,brussellnx@mozilla.org,Female,23.95.20.51
863,Joseph,Peters,jpetersny@nytimes.com,Male,17.39.54.116
864,George,Carroll,gcarrollnz@bloglovin.com,Male,104.19.100.88
865,Michael,Lynch,mlyncho0@nsw.gov.au,Male,195.1.166.85
866,Stephen,Moore,smooreo1@independent.co.uk,Male,236.250.129.204
867,Larry,Sanders,lsanderso2@scribd.com,Male,225.150.3.92
868,Terry,Cole,tcoleo3@loc.gov,Male,181.117.91.58
869,Richard,Williamson,rwilliamsono4@shareasale.com,Male,157.175.3.21
870,Donna,Jacobs,djacobso5@woothemes.com,Female,254.100.241.149
871,Russell,Day,rdayo6@soup.io,Male,60.235.139.205
872,Donald,Andrews,dandrewso7@tripod.com,Male,230.123.199.30
873,Andrea,Evans,aevanso8@fastcompany.com,Female,20.196.156.160
874,Barbara,Hicks,bhickso9@admin.ch,Female,217.128.39.45
875,Peter,Medina,pmedinaoa@senate.gov,Male,82.144.40.73
876,Eric,Murray,emurrayob@blogtalkradio.com,Male,18.20.33.20
877,Carl,Chapman,cchapmanoc@typepad.com,Male,6.208.162.39
878,Johnny,Diaz,jdiazod@yale.edu,Male,40.88.162.233
879,Anne,Martinez,amartinezoe@prnewswire.com,Female,72.220.79.7
880,Charles,Sanders,csandersof@wunderground.com,Male,152.127.10.116
881,Thomas,Cunningham,tcunninghamog@blogspot.com,Male,244.111.133.49
882,Laura,Warren,lwarrenoh@google.co.uk,Female,29.168.249.29
883,Ralph,Phillips,rphillipsoi@gizmodo.com,Male,85.162.146.62
884,Paula,Simmons,psimmonsoj@privacy.gov.au,Female,177.211.202.101
885,Lisa,Gray,lgrayok@salon.com,Female,87.9.39.96
886,Theresa,Cruz,tcruzol@craigslist.org,Female,205.92.177.87
887,Julia,Flores,jfloresom@soup.io,Female,13.239.224.105
888,Raymond,Bailey,rbaileyon@desdev.cn,Male,129.42.77.238
889,Amanda,Lee,aleeoo@newyorker.com,Female,202.206.154.235
890,Keith,Cruz,kcruzop@hao123.com,Male,25.118.33.76
891,Frances,Cunningham,fcunninghamoq@tripadvisor.com,Female,211.143.208.96
892,Margaret,Price,mpriceor@cbslocal.com,Female,23.27.35.106
893,Timothy,Perkins,tperkinsos@deliciousdays.com,Male,188.88.250.90
894,Sharon,Robinson,srobinsonot@disqus.com,Female,142.86.132.11
895,Carl,Cook,ccookou@t.co,Male,24.43.218.161
896,Donna,Robertson,drobertsonov@vk.com,Female,194.159.180.185
897,Walter,Morris,wmorrisow@symantec.com,Male,82.136.188.201
898,Ann,Schmidt,aschmidtox@amazon.co.uk,Female,125.135.184.172
899,Walter,Collins,wcollinsoy@pbs.org,Male,201.190.41.59
900,Brandon,Hawkins,bhawkinsoz@sogou.com,Male,72.55.151.78
901,Ronald,Sims,rsimsp0@shop-pro.jp,Male,32.62.241.72
902,Diana,Pierce,dpiercep1@addtoany.com,Female,185.176.71.142
903,Phyllis,Bell,pbellp2@ehow.com,Female,57.202.235.105
904,Alice,Elliott,aelliottp3@opera.com,Female,147.5.39.100
905,Judith,Mason,jmasonp4@seattletimes.com,Female,40.113.54.65
906,Nancy,George,ngeorgep5@artisteer.com,Female,121.254.39.176
907,Heather,Thompson,hthompsonp6@multiply.com,Female,156.230.116.198
908,Carlos,Holmes,cholmesp7@si.edu,Male,247.81.204.157
909,Marilyn,Gonzales,mgonzalesp8@apache.org,Female,207.90.131.232
910,Tammy,Chavez,tchavezp9@hostgator.com,Female,136.66.220.135
911,Joshua,Mason,jmasonpa@goo.ne.jp,Male,28.43.233.208
912,Jeffrey,Meyer,jmeyerpb@netlog.com,Male,28.88.162.155
913,Janet,Gray,jgraypc@columbia.edu,Female,22.99.223.31
914,Kimberly,Jackson,kjacksonpd@google.cn,Female,160.207.49.6
915,Christopher,Rice,cricepe@cpanel.net,Male,198.202.22.98
916,George,Morales,gmoralespf@disqus.com,Male,10.35.15.69
917,Diane,Washington,dwashingtonpg@berkeley.edu,Female,221.174.124.145
918,Christopher,Bennett,cbennettph@diigo.com,Male,157.33.238.101
919,Gregory,Welch,gwelchpi@bandcamp.com,Male,89.211.156.231
920,Carol,Gonzalez,cgonzalezpj@businesswire.com,Female,210.122.192.89
921,Richard,Weaver,rweaverpk@hugedomains.com,Male,166.27.237.188
922,Ashley,Rose,arosepl@canalblog.com,Female,158.171.212.57
923,Jennifer,Rose,jrosepm@chron.com,Female,20.101.24.199
924,Benjamin,Andrews,bandrewspn@wunderground.com,Male,131.247.107.237
925,Rebecca,Edwards,redwardspo@ted.com,Female,108.76.33.6
926,Jesse,Bishop,jbishoppp@vkontakte.ru,Male,88.40.239.134
927,Raymond,George,rgeorgepq@unesco.org,Male,177.64.163.94
928,Aaron,Wallace,awallacepr@live.com,Male,146.134.105.204
929,Keith,Reed,kreedps@hexun.com,Male,95.141.230.203
930,Russell,Mitchell,rmitchellpt@tinyurl.com,Male,143.250.130.128
931,Jeremy,Thomas,jthomaspu@vistaprint.com,Male,211.189.225.81
932,Daniel,Boyd,dboydpv@pen.io,Male,146.155.17.100
933,James,Chapman,jchapmanpw@shinystat.com,Male,134.43.119.48
934,Jacqueline,Wood,jwoodpx@de.vu,Female,41.146.3.250
935,Donna,Bryant,dbryantpy@example.com,Female,125.38.148.102
936,Adam,Butler,abutlerpz@digg.com,Male,37.10.198.155
937,Arthur,Evans,aevansq0@nps.gov,Male,77.217.218.187
938,Ann,Lawrence,alawrenceq1@archive.org,Female,107.32.68.216
939,Anna,Coleman,acolemanq2@addthis.com,Female,160.151.175.7
940,Patricia,Wright,pwrightq3@pinterest.com,Female,169.237.76.26
941,Jesse,West,jwestq4@altervista.org,Male,206.68.254.17
942,Amy,Scott,ascottq5@qq.com,Female,154.186.40.95
943,Rachel,Morrison,rmorrisonq6@usnews.com,Female,85.0.12.241
944,Deborah,Gibson,dgibsonq7@baidu.com,Female,148.161.119.238
945,Cheryl,Russell,crussellq8@sphinn.com,Female,43.149.84.34
946,David,Hernandez,dhernandezq9@microsoft.com,Male,60.24.220.72
947,Robert,Frazier,rfrazierqa@cbslocal.com,Male,18.244.9.33
948,Christopher,Gonzales,cgonzalesqb@time.com,Male,232.75.30.38
949,Phillip,Alexander,palexanderqc@webeden.co.uk,Male,94.107.63.210
950,George,Arnold,garnoldqd@telegraph.co.uk,Male,91.240.115.184
951,Carlos,James,cjamesqe@bizjournals.com,Male,49.56.207.225
952,Bonnie,Robinson,brobinsonqf@huffingtonpost.com,Female,177.187.4.104
953,Mary,Oliver,moliverqg@google.fr,Female,174.142.156.235
954,Harold,Snyder,hsnyderqh@washingtonpost.com,Male,46.253.154.73
955,Louis,Sanders,lsandersqi@csmonitor.com,Male,185.51.248.47
956,Nicholas,Long,nlongqj@360.cn,Male,233.7.24.43
957,Andrew,Dean,adeanqk@wikimedia.org,Male,52.223.50.65
958,Chris,Barnes,cbarnesql@about.com,Male,245.234.137.162
959,Jason,Wilson,jwilsonqm@myspace.com,Male,23.80.153.217
960,Barbara,Jackson,bjacksonqn@bigcartel.com,Female,219.17.207.120
961,Edward,Banks,ebanksqo@shutterfly.com,Male,237.68.147.228
962,Gloria,Rodriguez,grodriguezqp@friendfeed.com,Female,110.121.174.134
963,Jacqueline,West,jwestqq@xrea.com,Female,225.127.86.252
964,Bobby,Gilbert,bgilbertqr@skype.com,Male,208.180.77.93
965,Paul,Black,pblackqs@soup.io,Male,75.70.191.233
966,Louise,Wilson,lwilsonqt@blogger.com,Female,238.252.216.34
967,Mary,Barnes,mbarnesqu@dyndns.org,Female,167.167.50.158
968,Lori,Rodriguez,lrodriguezqv@desdev.cn,Female,198.75.0.80
969,Raymond,Fisher,rfisherqw@wp.com,Male,51.52.23.199
970,Judith,Perkins,jperkinsqx@msu.edu,Female,121.246.225.152
971,Steve,Mendoza,smendozaqy@cbslocal.com,Male,140.14.184.171
972,Marilyn,Hayes,mhayesqz@freewebs.com,Female,242.13.113.181
973,Jessica,Parker,jparkerr0@prnewswire.com,Female,46.192.135.87
974,James,Reed,jreedr1@google.pl,Male,159.54.167.232
975,Virginia,Dixon,vdixonr2@twitter.com,Female,26.230.188.71
976,Wanda,Riley,wrileyr3@bloglines.com,Female,225.106.145.47
977,Donald,Gonzales,dgonzalesr4@businessweek.com,Male,213.25.178.131
978,Mark,Evans,mevansr5@php.net,Male,32.136.16.148
979,Tina,Wilson,twilsonr6@usnews.com,Female,181.238.27.212
980,Steven,Hill,shillr7@homestead.com,Male,75.6.185.251
981,Ernest,Tucker,etuckerr8@photobucket.com,Male,234.80.60.206
982,Mark,Baker,mbakerr9@newsvine.com,Male,46.61.61.80
983,Carlos,Hamilton,chamiltonra@nih.gov,Male,137.210.190.89
984,Joshua,Ortiz,jortizrb@storify.com,Male,188.183.60.194
985,Jose,Taylor,jtaylorrc@ovh.net,Male,111.38.202.231
986,Adam,Carpenter,acarpenterrd@tripod.com,Male,67.214.78.217
987,Tina,Garza,tgarzare@youtube.com,Female,154.237.119.145
988,Jack,Day,jdayrf@loc.gov,Male,246.230.127.144
989,Helen,Burton,hburtonrg@chronoengine.com,Female,8.230.235.72
990,Sharon,Lawrence,slawrencerh@ebay.com,Female,184.91.5.189
991,Gary,Martinez,gmartinezri@reference.com,Male,159.93.4.156
992,Christine,Rodriguez,crodriguezrj@hhs.gov,Female,6.204.103.57
993,George,Ellis,gellisrk@ifeng.com,Male,89.31.57.77
994,Victor,Gonzales,vgonzalesrl@ezinearticles.com,Male,228.79.222.248
995,Michelle,Williamson,mwilliamsonrm@skype.com,Female,224.23.123.160
996,Juan,Brooks,jbrooksrn@un.org,Male,179.63.45.191
997,Marilyn,Wilson,mwilsonro@so-net.ne.jp,Female,253.183.94.15
998,Michelle,Murray,mmurrayrp@about.com,Female,17.212.180.104
999,Katherine,Ramirez,kramirezrq@surveymonkey.com,Female,239.90.239.185
1000,Brenda,Diaz,bdiazrr@chicagotribune.com,Female,252.133.236.180
